id,name,playingRoles,teamId,teamName,match,wickets,economy,five_wicket,bolwing_strike_rate,best_bolling_performance,runs,batting_avg,high_score,batting_strike_rate,bowling_avg,credit,image_url
1060380,RD Gaikwad,batsmen,335974,CSK,23,0,,,,,633,39.56,123*,143.53,,9,"https://img1.hscicdn.com/image/upload/f_auto,t_h_100_2x/lsci/db/PICTURES/CMS/322200/322236.1.png"
8917,MM Ali,allrounder,335974,CSK,92,51,8.31,0,19.5,3/24,1229,21.18,72*,142.41,27.13,8,"https://img1.hscicdn.com/image/upload/f_auto,t_h_100_2x/lsci/db/PICTURES/CMS/383100/383142.1.png"
1408675,Aravelly Avanish,wicketkeeper,335974,CSK,0,0,,,,,,,,,,7,"https://img1.hscicdn.com/image/upload/f_auto,t_h_100_2x/lsci/db/PICTURES/CMS/384200/384255.1.png"
447261,DL Chahar,bowler,335974,CSK,25,31,8.3,0,17.4,6/7,53,26.5,31,189.28,24.09,6,"https://img1.hscicdn.com/image/upload/f_auto,t_h_100_2x/lsci/db/PICTURES/CMS/322700/322704.1.png"
822553,TU Deshpande,bowler,335974,CSK,2,2,9.16,0,18,1/25,,,,,27.5,7,"https://img1.hscicdn.com/image/upload/f_auto,t_h_100_2x/lsci/db/PICTURES/CMS/386300/386339.5.png"
28081,MS Dhoni,wicketkeeper,335974,CSK,98,0,,,,,1617,37.6,56,126.13,,9,"https://img1.hscicdn.com/image/upload/f_auto,t_h_100_2x/lsci/db/PICTURES/CMS/319900/319946.3.png"
714451,S Dube,allrounder,335974,CSK,35,13,9.36,0,21.9,3/30,531,31.23,63*,140.1,34.23,9,"https://img1.hscicdn.com/image/upload/f_auto,t_h_100_2x/lsci/db/PICTURES/CMS/383700/383773.1.png"
473191,RJ Gleeson,bowler,335974,CSK,6,9,8.9,0,14,3/15,2,1,2,50,20.77,7,"https://img1.hscicdn.com/image/upload/f_auto,t_h_100_2x/lsci/db/PICTURES/CMS/324200/324238.1.png"
1175429,RS Hangargekar,allrounder,335974,CSK,0,0,,,,,,,,,,7,"https://img1.hscicdn.com/image/upload/f_auto,t_h_100_2x/lsci/db/PICTURES/CMS/339100/339157.1.png"
234675,RA Jadeja,allrounder,335974,CSK,74,54,7.13,0,25.1,3/15,515,21.45,46*,127.16,29.85,9,"https://img1.hscicdn.com/image/upload/f_auto,t_h_100_2x/lsci/db/PICTURES/CMS/316600/316600.2.png"
1059570,AJ Mandal,allrounder,335974,CSK,0,0,,,,,,,,,,7,"https://img1.hscicdn.com/image/upload/f_auto,t_h_100_2x/lsci/db/PICTURES/CMS/314900/314902.jpg"
381743,DJ Mitchell,allrounder,335974,CSK,70,9,10.59,0,11.8,2/27,1411,26.62,72*,139.28,21,9,"https://img1.hscicdn.com/image/upload/f_auto,t_h_100_2x/lsci/db/PICTURES/CMS/383100/383147.2.png"
1125688,Mukesh Choudhary,bowler,335974,CSK,0,0,,,,,,,,,,7,"https://img1.hscicdn.com/image/upload/f_auto,t_h_100_2x/lsci/db/PICTURES/CMS/356800/356834.1.png"
330902,Mustafizur Rahman,bowler,335974,CSK,106,132,7.51,3,17.2,6/10,87,4.57,15,74.35,21.62,6,"https://img1.hscicdn.com/image/upload/f_auto,t_h_100_2x/lsci/db/PICTURES/CMS/319700/319734.3.png"
277916,AM Rahane,batsmen,335974,CSK,20,0,,,,,375,20.83,61,113.29,,9,"https://img1.hscicdn.com/image/upload/f_auto,t_h_100_2x/lsci/db/PICTURES/CMS/316600/316620.3.png"
1292497,SK Rasheed,batsmen,335974,CSK,0,0,,,,,,,,,,7,"https://img1.hscicdn.com/image/upload/f_auto,t_h_100_2x/lsci/db/PICTURES/CMS/345000/345086.1.png"
959767,R Ravindra,allrounder,335974,CSK,26,13,6.58,0,18.9,3/22,309,17.16,69,127.68,20.76,9,"https://img1.hscicdn.com/image/upload/f_auto,t_h_100_2x/lsci/db/PICTURES/CMS/383100/383182.1.png"
1175489,Sameer Rizvi,batsmen,335974,CSK,0,0,,,,,,,,,,7,"https://img1.hscicdn.com/image/upload/f_auto,t_h_100_2x/lsci/db/PICTURES/CMS/378000/378091.1.png"
502714,MJ Santner,allrounder,335974,CSK,109,120,7.03,3,18.9,4/11,725,16.86,77*,120.23,22.17,7,"https://img1.hscicdn.com/image/upload/f_auto,t_h_100_2x/lsci/db/PICTURES/CMS/383100/383180.1.png"
1159722,Simarjeet Singh,bowler,335974,CSK,0,0,,,,,,,,,,7,"https://img1.hscicdn.com/image/upload/f_auto,t_h_100_2x/lsci/db/PICTURES/CMS/356800/356835.1.png"
1292506,N Sindhu,allrounder,335974,CSK,0,0,,,,,,,,,,7,"https://img1.hscicdn.com/image/upload/f_auto,t_h_100_2x/lsci/db/PICTURES/CMS/345000/345097.1.png"
1252337,PH Solanki,bowler,335974,CSK,0,0,,,,,,,,,,7,"https://img1.hscicdn.com/image/upload/f_auto,t_h_100_2x/lsci/db/PICTURES/CMS/356800/356836.1.png"
475281,SN Thakur,bowler,335974,CSK,25,33,9.15,1,15.3,4/27,69,23,22*,181.57,23.39,8,"https://img1.hscicdn.com/image/upload/f_auto,t_h_100_2x/lsci/db/PICTURES/CMS/322600/322696.1.png"
1138316,M Theekshana,bowler,335974,CSK,60,58,6.87,0,23.1,3/17,66,3.88,14,64.07,26.56,8,"https://img1.hscicdn.com/image/upload/f_auto,t_h_100_2x/lsci/db/PICTURES/CMS/347800/347825.1.png"
379140,DP Conway,wicketkeeper,335974,CSK,50,0,,,,,1408,38.05,99*,127.76,,7,"https://img1.hscicdn.com/image/upload/f_auto,t_h_100_2x/lsci/db/PICTURES/CMS/383100/383148.1.png"
1194795,M Pathirana,bowler,335974,CSK,19,30,8.44,2,11.4,4/24,17,3.4,6,53.12,16.13,6,"https://img1.hscicdn.com/image/upload/f_auto,t_h_100_2x/lsci/db/PICTURES/CMS/355400/355402.1.png"
931581,RR Pant,wicketkeeper,335975,DC,76,0,,,,,1209,23.25,65*,127.26,,9,"https://img1.hscicdn.com/image/upload/f_auto,t_h_100_2x/lsci/db/PICTURES/CMS/323000/323036.1.png"
1277545,Abishek Porel,wicketkeeper,335975,DC,0,0,,,,,,,,,,7,"https://img1.hscicdn.com/image/upload/f_auto,t_h_100_2x/lsci/db/PICTURES/CMS/393400/393462.2.png"
942645,KK Ahmed,bowler,335975,DC,18,16,8.51,0,24.7,2/27,1,,1*,50,35.12,8,"https://img1.hscicdn.com/image/upload/f_auto,t_h_100_2x/lsci/db/PICTURES/CMS/322200/322268.1.png"
642531,RK Bhui,batsmen,335975,DC,0,0,,,,,,,,,,9,"https://img1.hscicdn.com/image/upload/f_auto,t_h_100_2x/lsci/db/PICTURES/CMS/314800/314834.jpg"
1403198,SS Chikara,batsmen,335975,DC,0,0,,,,,,,,,,7,"https://img1.hscicdn.com/image/upload/f_auto,t_h_100_2x/lsci/db/PICTURES/CMS/380600/380668.1.png"
1292498,YV Dhull,batsmen,335975,DC,0,0,,,,,,,,,,7,"https://img1.hscicdn.com/image/upload/f_auto,t_h_100_2x/lsci/db/PICTURES/CMS/339100/339162.1.png"
777515,P Dubey,bowler,335975,DC,0,0,,,,,,,,,,7,"https://img1.hscicdn.com/image/upload/f_auto,t_h_100_2x/lsci/db/PICTURES/CMS/310700/310753.jpg"
1168049,J Fraser-McGurk,batsmen,335975,DC,7,0,,,,,113,16.14,50,143.03,,8,"https://img1.hscicdn.com/image/upload/f_auto,t_h_100_2x/lsci/db/PICTURES/CMS/387500/387523.6.png"
581379,SD Hope,wicketkeeper,335975,DC,39,0,,,,,847,26.46,82*,138.39,,9,"https://img1.hscicdn.com/image/upload/f_auto,t_h_100_2x/lsci/db/PICTURES/CMS/320100/320122.1.png"
559235,Kuldeep Yadav,bowler,335975,DC,40,69,6.77,1,12.4,5/17,46,11.5,23*,77.96,14.07,7,"https://img1.hscicdn.com/image/upload/f_auto,t_h_100_2x/lsci/db/PICTURES/CMS/319900/319943.2.png"
1207295,K Kushagra,wicketkeeper,335975,DC,0,0,,,,,,,,,,8,"https://img1.hscicdn.com/image/upload/f_auto,t_h_100_2x/lsci/db/PICTURES/CMS/378100/378131.1.png"
930189,Lalit Yadav,allrounder,335975,DC,0,0,,,,,,,,,,7,"https://img1.hscicdn.com/image/upload/f_auto,t_h_100_2x/lsci/db/PICTURES/CMS/386300/386337.5.png"
272450,MR Marsh,allrounder,335975,DC,65,17,7.74,0,17.6,3/24,1629,31.94,92*,135.41,22.76,9,"https://img1.hscicdn.com/image/upload/f_auto,t_h_100_2x/lsci/db/PICTURES/CMS/385700/385798.1.png"
926851,Mukesh Kumar,bowler,335975,DC,17,20,9.01,1,16.2,4/22,5,5,4*,100,24.35,6,"https://img1.hscicdn.com/image/upload/f_auto,t_h_100_2x/lsci/db/PICTURES/CMS/373900/373907.1.png"
481979,A Nortje,bowler,335975,DC,42,53,7.01,3,16.3,4/7,17,2.83,4*,48.57,19.16,7,"https://img1.hscicdn.com/image/upload/f_auto,t_h_100_2x/lsci/db/PICTURES/CMS/322000/322080.1.png"
1292520,VK Ostwal,bowler,335975,DC,0,0,,,,,,,,,,7,"https://img1.hscicdn.com/image/upload/f_auto,t_h_100_2x/lsci/db/PICTURES/CMS/339100/339161.1.png"
554691,AR Patel,allrounder,335975,DC,71,71,7.3,0,18.1,3/9,535,18.44,65,139.32,22.12,9,"https://img1.hscicdn.com/image/upload/f_auto,t_h_100_2x/lsci/db/PICTURES/CMS/331100/331164.2.png"
1161489,Rasikh Salam,bowler,335975,DC,0,0,,,,,,,,,,7,"https://img1.hscicdn.com/image/upload/f_auto,t_h_100_2x/lsci/db/PICTURES/CMS/341000/341040.1.png"
774223,JA Richardson,bowler,335975,DC,18,19,8.42,0,20.8,3/26,45,15,11,88.23,29.26,6,"https://img1.hscicdn.com/image/upload/f_auto,t_h_100_2x/lsci/db/PICTURES/CMS/321500/321591.3.png"
236779,I Sharma,bowler,335975,DC,14,8,8.63,0,34.7,2/34,8,8,5*,88.88,50,6,"https://img1.hscicdn.com/image/upload/f_auto,t_h_100_2x/lsci/db/PICTURES/CMS/316600/316602.3.png"
1070168,PP Shaw,batsmen,335975,DC,1,0,,,,,0,,0,0,,8,"https://img1.hscicdn.com/image/upload/f_auto,t_h_100_2x/lsci/db/PICTURES/CMS/322600/322622.1.png"
595978,T Stubbs,batsmen,335975,DC,35,0,20.5,0,,,670,29.13,76,134.8,,7,"https://img1.hscicdn.com/image/upload/f_auto,t_h_100_2x/lsci/db/PICTURES/CMS/348500/348577.1.png"
1159734,Sumit Kumar,allrounder,335975,DC,0,0,,,,,,,,,,7,"https://img1.hscicdn.com/image/upload/f_auto,t_h_100_2x/lsci/db/PICTURES/CMS/380600/380669.1.png"
219889,DA Warner,batsmen,335975,DC,110,0,,,,,3277,33.43,100*,142.47,,9,"https://img1.hscicdn.com/image/upload/f_auto,t_h_100_2x/lsci/db/PICTURES/CMS/316500/316589.1.png"
379887,LB Williams,bowler,335975,DC,15,20,9.5,0,15.5,3/35,6,1.5,2*,35.29,24.55,7,"https://img1.hscicdn.com/image/upload/f_auto,t_h_100_2x/lsci/db/PICTURES/CMS/329700/329749.1.png"
911707,HC Brook,batsmen,335975,DC,44,0,,,,,798,28.5,81*,146.15,,7,"https://img1.hscicdn.com/image/upload/f_auto,t_h_100_2x/lsci/db/PICTURES/CMS/383100/383145.1.png"
542023,L Ngidi,bowler,335975,DC,43,63,9.23,2,13.6,5/39,41,8.2,13*,78.84,20.93,7,"https://img1.hscicdn.com/image/upload/f_auto,t_h_100_2x/lsci/db/PICTURES/CMS/322000/322069.1.png"
1070173,Shubman Gill,batsmen,1298769,GT,21,0,,,,,578,30.42,126*,139.27,,7,"https://img1.hscicdn.com/image/upload/f_auto,t_h_100_2x/lsci/db/PICTURES/CMS/322600/322697.1.png"
819429,Azmatullah Omarzai,allrounder,1298769,GT,47,31,8.37,1,21.6,4/9,474,14.36,34,111,30.16,7,"https://img1.hscicdn.com/image/upload/f_auto,t_h_100_2x/lsci/db/PICTURES/CMS/383200/383229.1.png"
1287033,Gurnoor Brar,bowler,1298769,GT,0,0,,,,,,,,,,7,"https://img1.hscicdn.com/image/upload/f_auto,t_h_100_2x/lsci/db/PICTURES/CMS/359700/359764.1.png"
1123718,SH Johnson,bowler,1298769,GT,8,14,8.96,0,11.4,5/26,0,,0,0,17.07,6,"https://img1.hscicdn.com/image/upload/f_auto,t_h_100_2x/lsci/db/PICTURES/CMS/390900/390920.2.png"
1122918,Kartik Tyagi,bowler,1298769,GT,0,0,,,,,,,,,,7,"https://img1.hscicdn.com/image/upload/f_auto,t_h_100_2x/lsci/db/PICTURES/CMS/339100/339150.1.png"
928067,JB Little,bowler,1298769,GT,69,78,7.5,2,19.5,4/23,131,10.91,22*,85.62,24.48,7,"https://img1.hscicdn.com/image/upload/f_auto,t_h_100_2x/lsci/db/PICTURES/CMS/367800/367860.1.png"
778963,A Manohar,allrounder,1298769,GT,0,0,,,,,,,,,,7,Image data not found
321777,DA Miller,batsmen,1298769,GT,130,0,,,,,2591,33.21,106*,140.66,,8,"https://img1.hscicdn.com/image/upload/f_auto,t_h_100_2x/lsci/db/PICTURES/CMS/316600/316655.1.png"
1111917,DG Nalkande,bowler,1298769,GT,0,0,,,,,,,,,,6,"https://img1.hscicdn.com/image/upload/f_auto,t_h_100_2x/lsci/db/PICTURES/CMS/357400/357411.3.png"
1182529,Noor Ahmad,bowler,1298769,GT,14,7,6.94,1,32.5,4/10,41,6.83,12,77.35,37.71,8,"https://img1.hscicdn.com/image/upload/f_auto,t_h_100_2x/lsci/db/PICTURES/CMS/383200/383239.1.png"
793463,Rashid Khan,allrounder,1298769,GT,96,161,6.08,8,13.6,5/3,467,13.73,48*,126.21,13.8,7,"https://img1.hscicdn.com/image/upload/f_auto,t_h_100_2x/lsci/db/PICTURES/CMS/383200/383228.1.png"
279810,WP Saha,wicketkeeper,1298769,GT,0,0,,,,,,,,,,8,"https://img1.hscicdn.com/image/upload/f_auto,t_h_100_2x/lsci/db/PICTURES/CMS/323000/323033.1.png"
1048739,R Sai Kishore,bowler,1298769,GT,3,4,5.25,0,18,3/12,,,,,15.75,7,"https://img1.hscicdn.com/image/upload/f_auto,t_h_100_2x/lsci/db/PICTURES/CMS/362500/362558.6.png"
1151288,B Sai Sudharsan,batsmen,1298769,GT,1,0,,,,,,,,,,7,"https://img1.hscicdn.com/image/upload/f_auto,t_h_100_2x/lsci/db/PICTURES/CMS/390600/390648.2.png"
592735,S Sandeep Warrier,bowler,1298769,GT,1,0,7.66,0,,,,,,,,7,"https://img1.hscicdn.com/image/upload/f_auto,t_h_100_2x/lsci/db/PICTURES/CMS/359700/359763.1.png"
719719,M Shahrukh Khan,batsmen,1298769,GT,0,0,,,,,,,,,,7,"https://img1.hscicdn.com/image/upload/f_auto,t_h_100_2x/lsci/db/PICTURES/CMS/359700/359756.1.png"
477021,V Shankar,allrounder,1298769,GT,9,5,9.09,0,25.2,2/32,101,25.25,43,138.35,38.2,8,"https://img1.hscicdn.com/image/upload/f_auto,t_h_100_2x/lsci/db/PICTURES/CMS/322600/322613.1.png"
917231,BR Sharath,wicketkeeper,1298769,GT,0,0,,,,,,,,,,7,Image data not found
537119,MM Sharma,bowler,1298769,GT,8,6,8.04,0,23,2/28,3,,3*,42.85,30.83,7,"https://img1.hscicdn.com/image/upload/f_auto,t_h_100_2x/lsci/db/PICTURES/CMS/316700/316702.2.png"
1175426,MJ Suthar,allrounder,1298769,GT,0,0,,,,,,,,,,7,"https://img1.hscicdn.com/image/upload/f_auto,t_h_100_2x/lsci/db/PICTURES/CMS/286100/286141.1.jpg"
423838,R Tewatia,allrounder,1298769,GT,0,0,,,,,,,,,,7,"https://img1.hscicdn.com/image/upload/f_auto,t_h_100_2x/lsci/db/PICTURES/CMS/322200/322269.1.png"
230193,MS Wade,wicketkeeper,1298769,GT,92,0,,,,,1202,26.13,80,134.15,,8,"https://img1.hscicdn.com/image/upload/f_auto,t_h_100_2x/lsci/db/PICTURES/CMS/316500/316594.1.png"
277906,KS Williamson,batsmen,1298769,GT,93,6,8.33,0,19.6,2/16,2575,33.44,95,123.08,27.33,9,"https://img1.hscicdn.com/image/upload/f_auto,t_h_100_2x/lsci/db/PICTURES/CMS/383100/383172.1.png"
447587,J Yadav,bowler,1298769,GT,0,0,,,,,,,,,,7,"https://img1.hscicdn.com/image/upload/f_auto,t_h_100_2x/lsci/db/PICTURES/CMS/322500/322553.1.png"
376116,UT Yadav,bowler,1298769,GT,9,12,9.33,0,15,2/19,22,22,20*,104.76,23.33,7,"https://img1.hscicdn.com/image/upload/f_auto,t_h_100_2x/lsci/db/PICTURES/CMS/316600/316667.2.png"
1350762,R Minz,wicketkeeper,1298769,GT,0,0,,,,,,,,,,7,Image data not found
1175457,SS Mishra,bowler,1298769,GT,0,0,,,,,,,,,,7,Image data not found
481896,Mohammed Shami,bowler,1298769,GT,25,27,8.95,0,18.8,3/15,6,3,6,60,28.18,7,"https://img1.hscicdn.com/image/upload/f_auto,t_h_100_2x/lsci/db/PICTURES/CMS/390300/390351.5.png"
642519,SS Iyer,batsmen,335971,KKR,51,0,6,0,,,1104,30.66,74*,136.12,,7,"https://img1.hscicdn.com/image/upload/f_auto,t_h_100_2x/lsci/db/PICTURES/CMS/323000/323035.1.png"
1209292,VG Arora,bowler,335971,KKR,0,0,,,,,,,,,,7,"https://img1.hscicdn.com/image/upload/f_auto,t_h_100_2x/lsci/db/PICTURES/CMS/389500/389547.5.png"
529436,KS Bharat,wicketkeeper,335971,KKR,0,0,,,,,,,,,,7,"https://img1.hscicdn.com/image/upload/f_auto,t_h_100_2x/lsci/db/PICTURES/CMS/390500/390536.2.png"
552152,PVD Chameera,bowler,335971,KKR,55,55,8.08,1,21.4,4/17,101,6.73,24*,89.38,28.87,7,"https://img1.hscicdn.com/image/upload/f_auto,t_h_100_2x/lsci/db/PICTURES/CMS/319800/319862.2.png"
1326798,AM Ghazanfar,bowler,335971,KKR,0,0,,,,,,,,,,7,"https://img1.hscicdn.com/image/upload/f_auto,t_h_100_2x/lsci/db/PICTURES/CMS/390500/390546.2.png"
1312645,Harshit Rana,bowler,335971,KKR,1,3,8.25,0,8,3/33,,,,,11,6,"https://img1.hscicdn.com/image/upload/f_auto,t_h_100_2x/lsci/db/PICTURES/CMS/358000/358042.3.png"
851403,VR Iyer,allrounder,335971,KKR,9,5,8.18,0,11,2/23,133,33.25,35*,162.19,15,7,"https://img1.hscicdn.com/image/upload/f_auto,t_h_100_2x/lsci/db/PICTURES/CMS/337100/337187.1.png"
230558,SP Narine,allrounder,335971,KKR,51,52,6.01,1,21.1,4/12,155,10.33,30,112.31,21.25,8,"https://img1.hscicdn.com/image/upload/f_auto,t_h_100_2x/lsci/db/PICTURES/CMS/320100/320119.1.png"
290630,MK Pandey,batsmen,335971,KKR,39,0,,,,,709,44.31,79*,126.15,,7,"https://img1.hscicdn.com/image/upload/f_auto,t_h_100_2x/lsci/db/PICTURES/CMS/323000/323052.1.png"
1292495,A Raghuvanshi,batsmen,335971,KKR,0,0,,,,,,,,,,7,"https://img1.hscicdn.com/image/upload/f_auto,t_h_100_2x/lsci/db/PICTURES/CMS/345000/345093.1.png"
974087,Rahmanullah Gurbaz,wicketkeeper,335971,KKR,66,0,,,,,1683,25.5,100,134.42,,7,"https://img1.hscicdn.com/image/upload/f_auto,t_h_100_2x/lsci/db/PICTURES/CMS/383200/383237.1.png"
1079470,Ramandeep Singh,batsmen,335971,KKR,2,1,12.6,0,20,1/42,15,15,15,250,42,7,"https://img1.hscicdn.com/image/upload/f_auto,t_h_100_2x/lsci/db/PICTURES/CMS/380600/380670.5.png"
604527,N Rana,batsmen,335971,KKR,2,0,,,,,15,7.5,9,55.55,,7,"https://img1.hscicdn.com/image/upload/f_auto,t_h_100_2x/lsci/db/PICTURES/CMS/323000/323054.1.png"
1079839,AS Roy,allrounder,335971,KKR,0,0,,,,,,,,,,7,"https://img1.hscicdn.com/image/upload/f_auto,t_h_100_2x/lsci/db/PICTURES/CMS/341000/341041.1.png"
276298,AD Russell,allrounder,335971,KKR,83,60,9.27,0,19.8,3/19,1063,22.14,71,164.04,30.68,9,"https://img1.hscicdn.com/image/upload/f_auto,t_h_100_2x/lsci/db/PICTURES/CMS/316600/316615.1.png"
914541,SE Rutherford,batsmen,335971,KKR,28,1,10.28,0,42,1/21,428,25.17,68*,143.14,72,7,"https://img1.hscicdn.com/image/upload/f_auto,t_h_100_2x/lsci/db/PICTURES/CMS/322100/322173.1.png"
1131754,C Sakariya,bowler,335971,KKR,2,1,9.27,0,22,1/34,5,,5*,55.55,34,7,"https://img1.hscicdn.com/image/upload/f_auto,t_h_100_2x/lsci/db/PICTURES/CMS/380600/380674.5.png"
1340422,Sakib Hussain,bowler,335971,KKR,0,0,,,,,,,,,,7,"https://img1.hscicdn.com/image/upload/f_auto,t_h_100_2x/lsci/db/PICTURES/CMS/387600/387604.1.png"
723105,RK Singh,batsmen,335971,KKR,33,2,3,0,3,2/3,546,42,69*,161.06,1.5,7,"https://img1.hscicdn.com/image/upload/f_auto,t_h_100_2x/lsci/db/PICTURES/CMS/341000/341043.1.png"
311592,MA Starc,bowler,335971,KKR,65,79,7.74,1,18.4,4/20,98,9.8,14,98,23.81,7,"https://img1.hscicdn.com/image/upload/f_auto,t_h_100_2x/lsci/db/PICTURES/CMS/390900/390978.5.png"
1350792,Suyash Sharma,bowler,335971,KKR,0,0,,,,,,,,,,7,"https://img1.hscicdn.com/image/upload/f_auto,t_h_100_2x/lsci/db/PICTURES/CMS/358000/358041.1.png"
1108375,CV Varun,bowler,335971,KKR,18,33,7.02,0,12.4,5/17,1,0.5,1*,16.66,14.57,7,"https://img1.hscicdn.com/image/upload/f_auto,t_h_100_2x/lsci/db/PICTURES/CMS/331100/331167.1.png"
1039481,AAP Atkinson,bowler,335971,KKR,4,6,11.26,1,10.8,4/20,10,10,8*,43.47,20.33,7,"https://img1.hscicdn.com/image/upload/f_auto,t_h_100_2x/lsci/db/PICTURES/CMS/387400/387416.6.png"
974109,Mujeeb Ur Rahman,bowler,335971,KKR,49,63,6.33,1,17.1,5/20,54,9,21,122.72,18.11,7,"https://img1.hscicdn.com/image/upload/f_auto,t_h_100_2x/lsci/db/PICTURES/CMS/383200/383240.1.png"
298438,JJ Roy,batsmen,335971,KKR,64,0,,,,,1522,24.15,78,137.61,,7,"https://img1.hscicdn.com/image/upload/f_auto,t_h_100_2x/lsci/db/PICTURES/CMS/319700/319791.1.png"
669365,PD Salt,wicketkeeper,335971,KKR,43,0,,,,,1193,34.08,119,164.32,,9,"https://img1.hscicdn.com/image/upload/f_auto,t_h_100_2x/lsci/db/PICTURES/CMS/383100/383141.1.png"
422108,KL Rahul,wicketkeeper,1298768,LSG,72,0,,,,,2265,37.75,110*,139.12,,8,"https://img1.hscicdn.com/image/upload/f_auto,t_h_100_2x/lsci/db/PICTURES/CMS/319900/319942.3.png"
1244751,Arshad Khan,bowler,1298768,LSG,0,0,,,,,,,,,,7,"https://img1.hscicdn.com/image/upload/f_auto,t_h_100_2x/lsci/db/PICTURES/CMS/378100/378129.1.png"
1151270,A Badoni,batsmen,1298768,LSG,0,0,,,,,,,,,,8,"https://img1.hscicdn.com/image/upload/f_auto,t_h_100_2x/lsci/db/PICTURES/CMS/392000/392090.5.png"
379143,Q de Kock,wicketkeeper,1298768,LSG,92,0,,,,,2584,31.51,100,138.32,,9,"https://img1.hscicdn.com/image/upload/f_auto,t_h_100_2x/lsci/db/PICTURES/CMS/316600/316668.1.png"
424377,K Gowtham,allrounder,1298768,LSG,0,0,,,,,,,,,,7,"https://img1.hscicdn.com/image/upload/f_auto,t_h_100_2x/lsci/db/PICTURES/CMS/392800/392891.5.png"
506612,MJ Henry,bowler,1298768,LSG,21,27,8.29,0,17.1,3/32,24,6,12,88.88,23.66,7,"https://img1.hscicdn.com/image/upload/f_auto,t_h_100_2x/lsci/db/PICTURES/CMS/383100/383178.1.png"
497121,DJ Hooda,allrounder,1298768,LSG,21,6,4.8,1,15.8,4/10,368,30.66,104,147.2,12.66,7,"https://img1.hscicdn.com/image/upload/f_auto,t_h_100_2x/lsci/db/PICTURES/CMS/345000/345083.1.png"
1356971,S Joseph,bowler,1298768,LSG,9,10,9.67,0,16.8,3/31,5,,5*,125,27.1,6,"https://img1.hscicdn.com/image/upload/f_auto,t_h_100_2x/lsci/db/PICTURES/CMS/388400/388426.5.png"
1403153,AA Kulkarni,allrounder,1298768,LSG,0,0,,,,,,,,,,7,"https://img1.hscicdn.com/image/upload/f_auto,t_h_100_2x/lsci/db/PICTURES/CMS/387900/387916.5.png"
956871,PN Mankad,allrounder,1298768,LSG,0,0,,,,,,,,,,7,"https://img1.hscicdn.com/image/upload/f_auto,t_h_100_2x/lsci/db/PICTURES/CMS/378100/378128.1.png"
348056,KR Mayers,allrounder,1298768,LSG,38,0,9.5,0,,,762,21.77,73,138.29,,7,"https://img1.hscicdn.com/image/upload/f_auto,t_h_100_2x/lsci/db/PICTURES/CMS/322000/322024.1.png"
31107,A Mishra,bowler,1298768,LSG,10,16,6.31,0,14.2,3/24,0,,0,,15,7,"https://img1.hscicdn.com/image/upload/f_auto,t_h_100_2x/lsci/db/PICTURES/CMS/323000/323053.1.png"
1132005,Mohsin Khan,bowler,1298768,LSG,0,0,,,,,,,,,,7,"https://img1.hscicdn.com/image/upload/f_auto,t_h_100_2x/lsci/db/PICTURES/CMS/386300/386359.5.png"
793447,Naveen-ul-Haq,bowler,1298768,LSG,48,67,7.78,2,14.4,4/20,44,4.88,13,67.69,18.73,8,"https://img1.hscicdn.com/image/upload/f_auto,t_h_100_2x/lsci/db/PICTURES/CMS/383200/383238.1.png"
1119026,D Padikkal,batsmen,1298768,LSG,2,0,,,,,38,19,29,100,,7,"https://img1.hscicdn.com/image/upload/f_auto,t_h_100_2x/lsci/db/PICTURES/CMS/322200/322229.1.png"
471342,KH Pandya,allrounder,1298768,LSG,19,15,8.1,1,27.3,4/36,124,24.8,26*,130.52,36.93,8,"https://img1.hscicdn.com/image/upload/f_auto,t_h_100_2x/lsci/db/PICTURES/CMS/322600/322614.1.png"
604302,N Pooran,wicketkeeper,1298768,LSG,106,0,,,,,2275,26.14,98,136.39,,7,"https://img1.hscicdn.com/image/upload/f_auto,t_h_100_2x/lsci/db/PICTURES/CMS/320100/320109.2.png"
1175441,Ravi Bishnoi,bowler,1298768,LSG,42,61,7.35,2,15.8,4/13,55,7.85,9*,130.95,19.37,7,"https://img1.hscicdn.com/image/upload/f_auto,t_h_100_2x/lsci/db/PICTURES/CMS/337100/337188.1.png"
1151286,M Siddharth,bowler,1298768,LSG,0,0,,,,,,,,,,7,"https://img1.hscicdn.com/image/upload/f_auto,t_h_100_2x/lsci/db/PICTURES/CMS/330900/330975.4.jpg"
325012,MP Stoinis,allrounder,1298768,LSG,74,45,8.72,1,16.6,4/23,1245,31.92,78,148.56,24.24,8,"https://img1.hscicdn.com/image/upload/f_auto,t_h_100_2x/lsci/db/PICTURES/CMS/321500/321596.2.png"
500268,AJ Turner,batsmen,1298768,LSG,19,4,6.3,0,19.5,2/12,110,12.22,24,83.96,20.5,7,"https://img1.hscicdn.com/image/upload/f_auto,t_h_100_2x/lsci/db/PICTURES/CMS/321500/321560.1.png"
1292563,MP Yadav,bowler,1298768,LSG,3,4,6.91,0,18,2/32,1,,1*,100,20.75,7,"https://img1.hscicdn.com/image/upload/f_auto,t_h_100_2x/lsci/db/PICTURES/CMS/373900/373904.1.png"
1070196,Yash Thakur,bowler,1298768,LSG,0,0,,,,,,,,,,6,"https://img1.hscicdn.com/image/upload/f_auto,t_h_100_2x/lsci/db/PICTURES/CMS/392800/392812.2.png"
1206052,Yudhvir Singh,bowler,1298768,LSG,0,0,,,,,,,,,,7,"https://img1.hscicdn.com/image/upload/f_auto,t_h_100_2x/lsci/db/PICTURES/CMS/314700/314789.jpg"
1079848,Shivam Mavi,bowler,1298768,LSG,6,7,8.78,1,12,4/22,28,14,26,155.55,17.57,7,"https://img1.hscicdn.com/image/upload/f_auto,t_h_100_2x/lsci/db/PICTURES/CMS/341000/341042.1.png"
308251,DJ Willey,allrounder,1298768,LSG,43,51,8.18,1,16.9,4/7,226,15.06,33*,130.63,23.13,7,"https://img1.hscicdn.com/image/upload/f_auto,t_h_100_2x/lsci/db/PICTURES/CMS/322900/322904.1.png"
351588,MA Wood,bowler,1298768,LSG,38,54,8.45,0,14.3,3/9,27,13.5,10*,96.42,20.24,7,"https://img1.hscicdn.com/image/upload/f_auto,t_h_100_2x/lsci/db/PICTURES/CMS/383100/383149.2.png"
625371,HH Pandya,allrounder,335978,MI,114,94,8.2,3,19.3,4/16,1812,27.87,71*,141.67,26.43,8,"https://img1.hscicdn.com/image/upload/f_auto,t_h_100_2x/lsci/db/PICTURES/CMS/388300/388343.5.png"
1070665,D Brevis,allrounder,335978,MI,2,0,,,,,5,2.5,5,71.42,,8,"https://img1.hscicdn.com/image/upload/f_auto,t_h_100_2x/lsci/db/PICTURES/CMS/335100/335134.1.png"
625383,JJ Bumrah,bowler,335978,MI,70,89,6.27,0,16.9,3/7,8,2.66,7,57.14,17.74,8,"https://img1.hscicdn.com/image/upload/f_auto,t_h_100_2x/lsci/db/PICTURES/CMS/319900/319940.2.png"
32966,PP Chawla,allrounder,335978,MI,7,4,6.56,0,34.5,2/13,0,,0,0,37.75,7,"https://img1.hscicdn.com/image/upload/f_auto,t_h_100_2x/lsci/db/PICTURES/CMS/322200/322272.1.png"
596010,G Coetzee,bowler,335978,MI,10,12,10.57,0,17.1,3/32,81,11.57,23,135,30.25,7,"https://img1.hscicdn.com/image/upload/f_auto,t_h_100_2x/lsci/db/PICTURES/CMS/348500/348579.1.png"
892749,TH David,batsmen,335978,MI,54,5,9.32,0,32.8,1/18,1201,33.36,92*,161.2,51,8,"https://img1.hscicdn.com/image/upload/f_auto,t_h_100_2x/lsci/db/PICTURES/CMS/340300/340305.1.png"
1070195,HM Desai,wicketkeeper,335978,MI,0,0,,,,,,,,,,7,"https://img1.hscicdn.com/image/upload/f_auto,t_h_100_2x/lsci/db/PICTURES/CMS/381300/381382.1.png"
344580,S Gopal,allrounder,335978,MI,0,0,,,,,,,,,,7,"https://img1.hscicdn.com/image/upload/f_auto,t_h_100_2x/lsci/db/PICTURES/CMS/322200/322275.1.png"
720471,Ishan Kishan,wicketkeeper,335978,MI,32,0,,,,,796,25.67,89,124.37,,8,"https://img1.hscicdn.com/image/upload/f_auto,t_h_100_2x/lsci/db/PICTURES/CMS/331100/331165.1.png"
1175428,A Kamboj,allrounder,335978,MI,0,0,,,,,,,,,,7,"https://img1.hscicdn.com/image/upload/f_auto,t_h_100_2x/lsci/db/PICTURES/CMS/381300/381389.1.png"
1159843,K Kartikeya,bowler,335978,MI,0,0,,,,,,,,,,7,"https://img1.hscicdn.com/image/upload/f_auto,t_h_100_2x/lsci/db/PICTURES/CMS/359700/359773.1.png"
1206039,A Madhwal,bowler,335978,MI,0,0,,,,,,,,,,7,"https://img1.hscicdn.com/image/upload/f_auto,t_h_100_2x/lsci/db/PICTURES/CMS/381300/381394.1.png"
1294342,KT Maphaka,bowler,335978,MI,5,3,9.98,0,33.6,2/39,16,,12*,84.21,56,6,"https://img1.hscicdn.com/image/upload/f_auto,t_h_100_2x/lsci/db/PICTURES/CMS/339500/339569.6.png"
25913,Mohammad Nabi,allrounder,335978,MI,132,97,7.3,3,23.1,4/10,2237,22.59,89,136.23,28.14,7,"https://img1.hscicdn.com/image/upload/f_auto,t_h_100_2x/lsci/db/PICTURES/CMS/381900/381920.2.png"
1131607,SZ Mulani,allrounder,335978,MI,0,0,,,,,,,,,,7,"https://img1.hscicdn.com/image/upload/f_auto,t_h_100_2x/lsci/db/PICTURES/CMS/381300/381390.1.png"
1287032,Naman Dhir,batsmen,335978,MI,0,0,,,,,,,,,,7,"https://img1.hscicdn.com/image/upload/f_auto,t_h_100_2x/lsci/db/PICTURES/CMS/381300/381384.1.png"
34102,RG Sharma,batsmen,335978,MI,159,1,9.97,0,68,1/22,4231,32.05,121*,140.89,113,9,"https://img1.hscicdn.com/image/upload/f_auto,t_h_100_2x/lsci/db/PICTURES/CMS/385800/385819.2.png"
1167965,SS Sharma,batsmen,335978,MI,0,0,,,,,,,,,,7,"https://img1.hscicdn.com/image/upload/f_auto,t_h_100_2x/lsci/db/PICTURES/CMS/381300/381385.1.png"
677077,R Shepherd,allrounder,335978,MI,53,56,9.8,1,16.8,4/31,537,26.85,44*,139.11,27.53,8,"https://img1.hscicdn.com/image/upload/f_auto,t_h_100_2x/lsci/db/PICTURES/CMS/322000/322037.1.png"
1148776,AS Tendulkar,bowler,335978,MI,0,0,,,,,,,,,,7,"https://img1.hscicdn.com/image/upload/f_auto,t_h_100_2x/lsci/db/PICTURES/CMS/359700/359770.1.png"
955235,N Thushara,bowler,335978,MI,18,26,7.65,2,13.1,5/20,9,4.5,6,52.94,16.73,7,"https://img1.hscicdn.com/image/upload/f_auto,t_h_100_2x/lsci/db/PICTURES/CMS/381300/381395.7.png"
1170265,NT Tilak Varma,allrounder,335978,MI,25,2,5.2,0,15,1/5,749,49.93,120*,155.07,13,8,"https://img1.hscicdn.com/image/upload/f_auto,t_h_100_2x/lsci/db/PICTURES/CMS/381300/381391.1.png"
1151273,N Wadhera,batsmen,335978,MI,0,0,,,,,,,,,,7,"https://img1.hscicdn.com/image/upload/f_auto,t_h_100_2x/lsci/db/PICTURES/CMS/381300/381388.1.png"
573170,L Wood,bowler,335978,MI,5,8,9.66,0,13.5,3/24,3,3,3,75,21.75,6,"https://img1.hscicdn.com/image/upload/f_auto,t_h_100_2x/lsci/db/PICTURES/CMS/324300/324367.1.png"
446507,SA Yadav,batsmen,335978,MI,83,2,5,0,3,2/5,2598,38.2,117,167.07,2.5,7,"https://img1.hscicdn.com/image/upload/f_auto,t_h_100_2x/lsci/db/PICTURES/CMS/331100/331163.1.png"
272477,JP Behrendorff,bowler,335978,MI,17,18,8.35,1,17.6,4/21,7,7,5,77.77,24.61,7,"https://img1.hscicdn.com/image/upload/f_auto,t_h_100_2x/lsci/db/PICTURES/CMS/321500/321589.2.png"
793007,D Madushanka,bowler,335978,MI,15,15,9.75,0,19.6,3/24,2,0.5,1*,28.57,31.86,7,"https://img1.hscicdn.com/image/upload/f_auto,t_h_100_2x/lsci/db/PICTURES/CMS/348600/348600.1.png"
732293,Vishnu Vinod,wicketkeeper,335978,MI,0,0,,,,,,,,,,7,"https://img1.hscicdn.com/image/upload/f_auto,t_h_100_2x/lsci/db/PICTURES/CMS/359700/359774.1.png"
28235,S Dhawan,batsmen,335973,PBKS,68,0,,,,,1759,27.92,92,126.36,,9,"https://img1.hscicdn.com/image/upload/f_auto,t_h_100_2x/lsci/db/PICTURES/CMS/316500/316524.2.png"
1125976,Arshdeep Singh,bowler,335973,PBKS,63,99,8.29,2,13.2,4/9,71,8.87,12,116.39,18.3,7,"https://img1.hscicdn.com/image/upload/f_auto,t_h_100_2x/lsci/db/PICTURES/CMS/390700/390798.5.png"
1064812,RD Chahar,bowler,335973,PBKS,6,7,7.59,0,18.8,3/15,5,5,5,100,23.85,6,"https://img1.hscicdn.com/image/upload/f_auto,t_h_100_2x/lsci/db/PICTURES/CMS/331100/331166.1.png"
290727,R Dhawan,allrounder,335973,PBKS,1,1,10.5,0,24,1/42,1,,1*,50,42,6,"https://img1.hscicdn.com/image/upload/f_auto,t_h_100_2x/lsci/db/PICTURES/CMS/380600/380692.1.png"
826915,NT Ellis,bowler,335973,PBKS,20,32,7.65,1,13.2,4/28,18,6,11*,47.36,16.9,7,"https://img1.hscicdn.com/image/upload/f_auto,t_h_100_2x/lsci/db/PICTURES/CMS/329700/329711.2.png"
1168641,Harpreet Brar,bowler,335973,PBKS,0,0,,,,,,,,,,7,"https://img1.hscicdn.com/image/upload/f_auto,t_h_100_2x/lsci/db/PICTURES/CMS/381300/381368.1.png"
340854,Harpreet Singh,batsmen,335973,PBKS,0,0,,,,,,,,,,7,"https://img1.hscicdn.com/image/upload/f_auto,t_h_100_2x/lsci/db/PICTURES/CMS/380600/380687.1.png"
1155262,V Kaverappa,bowler,335973,PBKS,0,0,,,,,,,,,,7,"https://img1.hscicdn.com/image/upload/f_auto,t_h_100_2x/lsci/db/PICTURES/CMS/381300/381371.3.png"
390481,HV Patel,bowler,335973,PBKS,25,29,9.18,1,17.3,4/25,77,12.83,18,135.08,26.55,6,"https://img1.hscicdn.com/image/upload/f_auto,t_h_100_2x/lsci/db/PICTURES/CMS/381300/381372.1.png"
1161024,Prabhsimran Singh,wicketkeeper,335973,PBKS,0,0,,,,,,,,,,9,"https://img1.hscicdn.com/image/upload/f_auto,t_h_100_2x/lsci/db/PICTURES/CMS/358000/358040.1.png"
1412827,Prince Choudhary,,335973,PBKS,0,0,,,,,,,,,,7,"https://img1.hscicdn.com/image/upload/f_auto,t_h_100_2x/lsci/db/PICTURES/CMS/381300/381376.1.png"
318845,RR Rossouw,batsmen,335973,PBKS,29,0,,,,,767,34.86,109,159.79,,7,"https://img1.hscicdn.com/image/upload/f_auto,t_h_100_2x/lsci/db/PICTURES/CMS/316600/316651.1.png"
1131978,AR Sharma,allrounder,335973,PBKS,0,0,,,,,,,,,,7,"https://img1.hscicdn.com/image/upload/f_auto,t_h_100_2x/lsci/db/PICTURES/CMS/380600/380694.1.png"
721867,JM Sharma,wicketkeeper,335973,PBKS,9,0,,,,,100,14.28,35,147.05,,9,"https://img1.hscicdn.com/image/upload/f_auto,t_h_100_2x/lsci/db/PICTURES/CMS/380600/380690.1.png"
377534,Shashank Singh,allrounder,335973,PBKS,0,0,,,,,,,,,,7,"https://img1.hscicdn.com/image/upload/f_auto,t_h_100_2x/lsci/db/PICTURES/CMS/380600/380696.1.png"
1380113,Shivam Singh,allrounder,335973,PBKS,0,0,,,,,,,,,,7,"https://img1.hscicdn.com/image/upload/f_auto,t_h_100_2x/lsci/db/PICTURES/CMS/381300/381366.3.png"
299572,Sikandar Raza,allrounder,335973,PBKS,102,79,6.88,2,19.8,5/18,2347,26.07,133*,137.17,22.78,7,"https://img1.hscicdn.com/image/upload/f_auto,t_h_100_2x/lsci/db/PICTURES/CMS/392200/392219.2.png"
1354639,VP Singh,,335973,PBKS,0,0,,,,,,,,,,7,"https://img1.hscicdn.com/image/upload/f_auto,t_h_100_2x/lsci/db/PICTURES/CMS/381300/381379.1.png"
1125958,A Taide,allrounder,335973,PBKS,0,0,,,,,,,,,,8,"https://img1.hscicdn.com/image/upload/f_auto,t_h_100_2x/lsci/db/PICTURES/CMS/358000/358044.1.png"
1080008,T Thyagarajan,bowler,335973,PBKS,0,0,,,,,,,,,,7,"https://img1.hscicdn.com/image/upload/f_auto,t_h_100_2x/lsci/db/PICTURES/CMS/381300/381375.1.png"
297433,JM Bairstow,wicketkeeper,335973,PBKS,80,0,,,,,1671,29.83,90,137.53,,9,"https://img1.hscicdn.com/image/upload/f_auto,t_h_100_2x/lsci/db/PICTURES/CMS/383100/383157.1.png"
662973,SM Curran,allrounder,335973,PBKS,58,54,8.41,0,19.3,5/10,356,14.24,50,124.47,27.07,9,"https://img1.hscicdn.com/image/upload/f_auto,t_h_100_2x/lsci/db/PICTURES/CMS/383100/383153.1.png"
403902,LS Livingstone,allrounder,335973,PBKS,60,33,8.72,0,17.4,3/17,955,25.13,103,148.98,25.39,8,"https://img1.hscicdn.com/image/upload/f_auto,t_h_100_2x/lsci/db/PICTURES/CMS/383100/383152.1.png"
550215,K Rabada,bowler,335973,PBKS,65,71,8.3,0,19.6,3/18,156,17.33,22,110.63,27.15,7,"https://img1.hscicdn.com/image/upload/f_auto,t_h_100_2x/lsci/db/PICTURES/CMS/320300/320376.1.png"
247235,CR Woakes,allrounder,335973,PBKS,33,31,8.07,0,19.7,3/4,147,16.33,37,125.64,26.51,7,"https://img1.hscicdn.com/image/upload/f_auto,t_h_100_2x/lsci/db/PICTURES/CMS/316600/316603.1.png"
425943,SV Samson,wicketkeeper,335977,RR,42,0,,,,,861,25.32,111,152.38,,8,"https://img1.hscicdn.com/image/upload/f_auto,t_h_100_2x/lsci/db/PICTURES/CMS/322700/322701.1.png"
1201536,Abid Mushtaq,allrounder,335977,RR,0,0,,,,,,,,,,7,Image data not found
26421,R Ashwin,allrounder,335977,RR,65,72,6.9,2,20.1,4/8,184,26.28,31*,115,23.22,8,"https://img1.hscicdn.com/image/upload/f_auto,t_h_100_2x/lsci/db/PICTURES/CMS/393300/393315.2.png"
694211,Avesh Khan,bowler,335977,RR,25,27,9.04,1,18.4,4/18,27,13.5,16,135,27.85,7,"https://img1.hscicdn.com/image/upload/f_auto,t_h_100_2x/lsci/db/PICTURES/CMS/322200/322244.1.png"
277912,TA Boult,bowler,335977,RR,61,83,7.68,2,16.7,4/13,58,8.28,16,90.62,21.43,8,"https://img1.hscicdn.com/image/upload/f_auto,t_h_100_2x/lsci/db/PICTURES/CMS/383100/383185.1.png"
971349,N Burger,bowler,335977,RR,2,1,12.28,0,42,1/39,1,1,1,33.33,86,7,"https://img1.hscicdn.com/image/upload/f_auto,t_h_100_2x/lsci/db/PICTURES/CMS/388400/388421.5.png"
308967,JC Buttler,wicketkeeper,335977,RR,134,0,,,,,3535,35.35,101*,146.61,,9,"https://img1.hscicdn.com/image/upload/f_auto,t_h_100_2x/lsci/db/PICTURES/CMS/383100/383143.1.png"
430246,YS Chahal,bowler,335977,RR,80,96,8.19,2,18.3,6/25,6,3,3*,46.15,25.09,8,"https://img1.hscicdn.com/image/upload/f_auto,t_h_100_2x/lsci/db/PICTURES/CMS/319900/319955.1.png"
1252585,SB Dubey,batsmen,335977,RR,0,0,,,,,,,,,,7,Image data not found
698315,D Ferreira,allrounder,335977,RR,6,0,12.33,0,,,79,15.8,48,158,,7,"https://img1.hscicdn.com/image/upload/f_auto,t_h_100_2x/lsci/db/PICTURES/CMS/391700/391782.2.png"
670025,SO Hetmyer,batsmen,335977,RR,62,0,,,,,942,20.04,81*,118.49,,7,"https://img1.hscicdn.com/image/upload/f_auto,t_h_100_2x/lsci/db/PICTURES/CMS/320100/320116.1.png"
1151278,YBK Jaiswal,batsmen,335977,RR,23,0,11,0,,,723,36.15,100,164.31,,9,"https://img1.hscicdn.com/image/upload/f_auto,t_h_100_2x/lsci/db/PICTURES/CMS/340300/340309.1.png"
1175488,DC Jurel,wicketkeeper,335977,RR,4,0,,,,,12,4,6,52.17,,8,"https://img1.hscicdn.com/image/upload/f_auto,t_h_100_2x/lsci/db/PICTURES/CMS/340300/340310.1.png"
470633,T Kohler-Cadmore,wicketkeeper,335977,RR,0,0,,,,,,,,,,7,"https://img1.hscicdn.com/image/upload/f_auto,t_h_100_2x/lsci/db/PICTURES/CMS/325900/325917.1.png"
1125960,TK Kotian,allrounder,335977,RR,0,0,,,,,,,,,,7,"https://img1.hscicdn.com/image/upload/f_auto,t_h_100_2x/lsci/db/PICTURES/CMS/390300/390330.2.png"
267724,KA Maharaj,bowler,335977,RR,39,38,7.33,0,21.1,3/27,103,11.44,41,89.56,25.84,7,"https://img1.hscicdn.com/image/upload/f_auto,t_h_100_2x/lsci/db/PICTURES/CMS/322000/322072.1.png"
1079434,R Parag,batsmen,335977,RR,9,4,6.72,0,18.5,3/5,106,17.66,34,151.42,20.75,7,"https://img1.hscicdn.com/image/upload/f_auto,t_h_100_2x/lsci/db/PICTURES/CMS/370900/370935.1.png"
820351,R Powell,batsmen,335977,RR,91,5,9.93,0,26.2,2/31,1747,25.69,107,140.32,43.4,7,"https://img1.hscicdn.com/image/upload/f_auto,t_h_100_2x/lsci/db/PICTURES/CMS/322100/322172.1.png"
1339031,KS Rathore,wicketkeeper,335977,RR,0,0,,,,,,,,,,7,Image data not found
700167,NA Saini,bowler,335977,RR,11,13,7.15,0,15.1,3/17,12,,11*,109.09,18.07,7,"https://img1.hscicdn.com/image/upload/f_auto,t_h_100_2x/lsci/db/PICTURES/CMS/322700/322702.1.png"
438362,Sandeep Sharma,bowler,335977,RR,2,1,10.42,0,42,1/39,1,,1*,100,73,6,"https://img1.hscicdn.com/image/upload/f_auto,t_h_100_2x/lsci/db/PICTURES/CMS/323000/323055.1.png"
1163695,KR Sen,bowler,335977,RR,0,0,,,,,,,,,,7,"https://img1.hscicdn.com/image/upload/f_auto,t_h_100_2x/lsci/db/PICTURES/CMS/378100/378133.1.png"
917159,M Prasidh Krishna,bowler,335977,RR,5,8,11,0,15,3/41,,,,,27.5,7,"https://img1.hscicdn.com/image/upload/f_auto,t_h_100_2x/lsci/db/PICTURES/CMS/389500/389549.5.png"
379504,A Zampa,bowler,335977,RR,95,117,7.16,2,17.5,5/19,68,5.66,13*,89.47,21,7,"https://img1.hscicdn.com/image/upload/f_auto,t_h_100_2x/lsci/db/PICTURES/CMS/321500/321549.1.png"
44828,F du Plessis,batsmen,335970,RCB,50,0,2.25,0,,,1528,35.53,119,134.38,,9,"https://img1.hscicdn.com/image/upload/f_auto,t_h_100_2x/lsci/db/PICTURES/CMS/316500/316559.1.png"
1176959,Akash Deep,bowler,335970,RCB,0,0,,,,,,,,,,6,"https://img1.hscicdn.com/image/upload/f_auto,t_h_100_2x/lsci/db/PICTURES/CMS/356800/356814.1.png"
1123073,Anuj Rawat,wicketkeeper,335970,RCB,0,0,,,,,,,,,,8,"https://img1.hscicdn.com/image/upload/f_auto,t_h_100_2x/lsci/db/PICTURES/CMS/359700/359757.1.png"
1057399,MS Bhandage,allrounder,335970,RCB,0,0,,,,,,,,,,7,"https://img1.hscicdn.com/image/upload/f_auto,t_h_100_2x/lsci/db/PICTURES/CMS/359700/359766.1.png"
1287369,SD Chauhan,batsmen,335970,RCB,0,0,,,,,,,,,,7,"https://img1.hscicdn.com/image/upload/f_auto,t_h_100_2x/lsci/db/PICTURES/CMS/380600/380688.1.png"
550235,TK Curran,allrounder,335970,RCB,30,29,9.25,1,20.2,4/36,64,10.66,14*,114.28,31.27,7,"https://img1.hscicdn.com/image/upload/f_auto,t_h_100_2x/lsci/db/PICTURES/CMS/323100/323112.1.png"
942367,MJ Dagar,bowler,335970,RCB,0,0,,,,,,,,,,7,"https://img1.hscicdn.com/image/upload/f_auto,t_h_100_2x/lsci/db/PICTURES/CMS/356800/356822.1.png"
493773,LH Ferguson,bowler,335970,RCB,43,64,7.1,2,14.3,5/21,29,3.62,14,80.55,17,7,"https://img1.hscicdn.com/image/upload/f_auto,t_h_100_2x/lsci/db/PICTURES/CMS/383100/383174.1.png"
1076713,C Green,allrounder,335970,RCB,13,12,8.9,0,15.6,3/35,263,26.3,62*,152.9,23.25,9,"https://img1.hscicdn.com/image/upload/f_auto,t_h_100_2x/lsci/db/PICTURES/CMS/321500/321569.2.png"
897549,WG Jacks,allrounder,335970,RCB,23,1,13.66,0,18,1/5,383,18.23,40,136.78,41,7,"https://img1.hscicdn.com/image/upload/f_auto,t_h_100_2x/lsci/db/PICTURES/CMS/383100/383155.1.png"
670031,AS Joseph,bowler,335970,RCB,38,54,8.67,2,15.5,5/40,121,17.28,21*,104.31,22.5,7,"https://img1.hscicdn.com/image/upload/f_auto,t_h_100_2x/lsci/db/PICTURES/CMS/321900/321943.1.png"
30045,KD Karthik,wicketkeeper,335970,RCB,60,0,18,0,,,686,26.38,55,142.61,,8,"https://img1.hscicdn.com/image/upload/f_auto,t_h_100_2x/lsci/db/PICTURES/CMS/319900/319934.2.png"
253802,V Kohli,batsmen,335970,RCB,125,4,8.05,0,38,1/13,4188,48.69,122*,137.04,51,9,"https://img1.hscicdn.com/image/upload/f_auto,t_h_100_2x/lsci/db/PICTURES/CMS/316600/316605.3.png"
853265,MK Lomror,allrounder,335970,RCB,0,0,,,,,,,,,,8,"https://img1.hscicdn.com/image/upload/f_auto,t_h_100_2x/lsci/db/PICTURES/CMS/393200/393298.2.png"
325026,GJ Maxwell,allrounder,335970,RCB,116,43,8.04,0,22.9,3/10,2664,29.93,145*,154.97,30.72,9,"https://img1.hscicdn.com/image/upload/f_auto,t_h_100_2x/lsci/db/PICTURES/CMS/389500/389563.5.png"
940973,Mohammed Siraj,bowler,335970,RCB,16,14,7.79,1,24.8,4/17,14,7,7*,87.5,32.28,8,"https://img1.hscicdn.com/image/upload/f_auto,t_h_100_2x/lsci/db/PICTURES/CMS/322600/322611.1.png"
823703,RM Patidar,batsmen,335970,RCB,0,0,,,,,,,,,,9,"https://img1.hscicdn.com/image/upload/f_auto,t_h_100_2x/lsci/db/PICTURES/CMS/390500/390563.2.png"
1083851,SS Prabhudessai,allrounder,335970,RCB,0,0,,,,,,,,,,7,"https://img1.hscicdn.com/image/upload/f_auto,t_h_100_2x/lsci/db/PICTURES/CMS/359700/359758.1.png"
1339027,Rajan Kumar,bowler,335970,RCB,0,0,,,,,,,,,,7,"https://img1.hscicdn.com/image/upload/f_auto,t_h_100_2x/lsci/db/PICTURES/CMS/359700/359762.1.png"
30288,KV Sharma,bowler,335970,RCB,1,1,7,0,24,1/28,,,,,28,7,"https://img1.hscicdn.com/image/upload/f_auto,t_h_100_2x/lsci/db/PICTURES/CMS/324200/324221.1.png"
1350761,H Sharma,bowler,335970,RCB,0,0,,,,,,,,,,7,"https://img1.hscicdn.com/image/upload/f_auto,t_h_100_2x/lsci/db/PICTURES/CMS/357600/357624.4.jpg"
232292,Swapnil Singh,bowler,335970,RCB,0,0,,,,,,,,,,7,"https://img1.hscicdn.com/image/upload/f_auto,t_h_100_2x/lsci/db/PICTURES/CMS/384200/384254.1.png"
461632,RJW Topley,bowler,335970,RCB,35,33,8.31,0,21.3,3/22,17,8.5,9,85,29.63,7,"https://img1.hscicdn.com/image/upload/f_auto,t_h_100_2x/lsci/db/PICTURES/CMS/383100/383150.1.png"
777815,V Vyshak,bowler,335970,RCB,0,0,,,,,,,,,,7,"https://img1.hscicdn.com/image/upload/f_auto,t_h_100_2x/lsci/db/PICTURES/CMS/390600/390654.2.png"
1159720,Yash Dayal,bowler,335970,RCB,0,0,,,,,,,,,,7,"https://img1.hscicdn.com/image/upload/f_auto,t_h_100_2x/lsci/db/PICTURES/CMS/387500/387586.4.png"
489889,PJ Cummins,bowler,628333,SRH,57,66,7.44,0,19,3/15,158,10.53,28,118.79,23.57,7,"https://img1.hscicdn.com/image/upload/f_auto,t_h_100_2x/lsci/db/PICTURES/CMS/390900/390954.5.png"
1175485,Abdul Samad,batsmen,628333,SRH,0,0,,,,,,,,,,7,"https://img1.hscicdn.com/image/upload/f_auto,t_h_100_2x/lsci/db/PICTURES/CMS/339100/339145.1.png"
1070183,Abhishek Sharma,allrounder,628333,SRH,17,6,8.05,0,19,2/3,535,33.43,135,193.84,25.5,9,"https://img1.hscicdn.com/image/upload/f_auto,t_h_100_2x/lsci/db/PICTURES/CMS/358000/358037.1.png"
398438,MA Agarwal,batsmen,628333,SRH,0,0,,,,,,,,,,8,"https://img1.hscicdn.com/image/upload/f_auto,t_h_100_2x/lsci/db/PICTURES/CMS/391200/391289.2.png"
1175458,Akash Singh,bowler,628333,SRH,0,0,,,,,,,,,,7,"https://img1.hscicdn.com/image/upload/f_auto,t_h_100_2x/lsci/db/PICTURES/CMS/315000/315007.jpg"
851261,Anmolpreet Singh,batsmen,628333,SRH,0,0,,,,,,,,,,7,"https://img1.hscicdn.com/image/upload/f_auto,t_h_100_2x/lsci/db/PICTURES/CMS/358000/358038.1.png"
974175,Fazalhaq Farooqi,bowler,628333,SRH,43,54,6.7,1,17,5/9,12,4,4*,63.15,19.09,7,"https://img1.hscicdn.com/image/upload/f_auto,t_h_100_2x/lsci/db/PICTURES/CMS/383200/383236.1.png"
530011,TM Head,batsmen,628333,SRH,38,1,9.33,0,36,1/16,1093,33.12,91,160.49,56,9,"https://img1.hscicdn.com/image/upload/f_auto,t_h_100_2x/lsci/db/PICTURES/CMS/321500/321584.2.png"
696401,M Jansen,allrounder,628333,SRH,17,16,8.13,0,23.3,3/16,166,18.44,54,149.54,31.62,7,"https://img1.hscicdn.com/image/upload/f_auto,t_h_100_2x/lsci/db/PICTURES/CMS/337100/337189.1.png"
436757,H Klaasen,wicketkeeper,628333,SRH,58,0,14,0,,,1000,23.25,81,141.84,,7,"https://img1.hscicdn.com/image/upload/f_auto,t_h_100_2x/lsci/db/PICTURES/CMS/322000/322073.1.png"
326016,B Kumar,bowler,628333,SRH,87,90,6.96,3,19.9,5/4,67,8.37,16,71.27,23.1,7,"https://img1.hscicdn.com/image/upload/f_auto,t_h_100_2x/lsci/db/PICTURES/CMS/392400/392400.2.png"
1081442,M Markande,bowler,628333,SRH,1,0,7.75,0,,,,,,,,7,"https://img1.hscicdn.com/image/upload/f_auto,t_h_100_2x/lsci/db/PICTURES/CMS/355400/355403.1.png"
600498,AK Markram,allrounder,628333,SRH,57,13,8.54,0,26.3,3/21,1367,30.37,70,143.89,37.46,9,"https://img1.hscicdn.com/image/upload/f_auto,t_h_100_2x/lsci/db/PICTURES/CMS/322000/322067.1.png"
802575,T Natarajan,bowler,628333,SRH,4,7,7.62,0,13.7,3/30,,,,,17.42,7,"https://img1.hscicdn.com/image/upload/f_auto,t_h_100_2x/lsci/db/PICTURES/CMS/322600/322699.1.png"
1175496,K Nitish Kumar Reddy,allrounder,628333,SRH,4,3,7.88,0,18,2/23,90,45,74,180,23.66,7,"https://img1.hscicdn.com/image/upload/f_auto,t_h_100_2x/lsci/db/PICTURES/CMS/390600/390655.2.png"
823509,GD Phillips,allrounder,628333,SRH,83,6,7.35,0,21.3,3/6,1929,31.11,108,140.59,26.16,7,"https://img1.hscicdn.com/image/upload/f_auto,t_h_100_2x/lsci/db/PICTURES/CMS/383100/383167.1.png"
1132219,Sanvir Singh,allrounder,628333,SRH,0,0,,,,,,,,,,7,"https://img1.hscicdn.com/image/upload/f_auto,t_h_100_2x/lsci/db/PICTURES/CMS/359700/359765.1.png"
1159711,Shahbaz Ahmed,allrounder,628333,SRH,2,2,7.68,0,16,1/13,,,,,20.5,9,"https://img1.hscicdn.com/image/upload/f_auto,t_h_100_2x/lsci/db/PICTURES/CMS/340300/340313.1.png"
919531,J Subramanyan,bowler,628333,SRH,0,0,,,,,,,,,,7,"https://img1.hscicdn.com/image/upload/f_auto,t_h_100_2x/lsci/db/PICTURES/CMS/361800/361882.6.png"
446763,RA Tripathi,batsmen,628333,SRH,5,0,,,,,97,19.4,44,144.77,,9,"https://img1.hscicdn.com/image/upload/f_auto,t_h_100_2x/lsci/db/PICTURES/CMS/356800/356821.1.png"
1246528,Umran Malik,bowler,628333,SRH,8,11,10.48,0,12.6,3/48,5,,4*,250,22.09,6,"https://img1.hscicdn.com/image/upload/f_auto,t_h_100_2x/lsci/db/PICTURES/CMS/343200/343263.1.png"
390484,JD Unadkat,bowler,628333,SRH,10,14,8.68,0,14.8,3/38,,,,,21.5,6,"https://img1.hscicdn.com/image/upload/f_auto,t_h_100_2x/lsci/db/PICTURES/CMS/386300/386332.5.png"
1153149,V Viyaskanth,bowler,628333,SRH,1,1,7,0,24,1/28,13,,13*,68.42,28,7,"https://img1.hscicdn.com/image/upload/f_auto,t_h_100_2x/lsci/db/PICTURES/CMS/392100/392173.2.png"
719715,Washington Sundar,allrounder,628333,SRH,54,48,6.94,0,20.3,3/15,193,13.78,50,121.38,23.5,8,"https://img1.hscicdn.com/image/upload/f_auto,t_h_100_2x/lsci/db/PICTURES/CMS/322600/322619.1.png"
732269,UD Yadav,wicketkeeper,628333,SRH,0,0,,,,,,,,,,7,"https://img1.hscicdn.com/image/upload/f_auto,t_h_100_2x/lsci/db/PICTURES/CMS/395800/395894.4.png"
784379,PW Hasaranga,allrounder,628333,SRH,79,131,6.98,4,13.2,4/9,712,13.43,71,128.98,15.41,7,"https://img1.hscicdn.com/image/upload/f_auto,t_h_100_2x/lsci/db/PICTURES/CMS/322900/322946.1.png"
